<?xml version="1.0" encoding="UTF-8"?>
<!DOCTYPE hibernate-mapping PUBLIC "-//Hibernate/Hibernate Mapping DTD 3.0//EN" "http://hibernate.sourceforge.net/hibernate-mapping-3.0.dtd">

<hibernate-mapping auto-import="false">
	<typedef name="general.Image" class="org.eclipse.emf.teneo.hibernate.mapping.DefaultToStringUserType">
		<param name="epackage">http://general/1.0</param>
		<param name="edatatype">Image</param>
	</typedef>
	<class name="general.impl.UserImpl" entity-name="User" abstract="false" lazy="false" discriminator-value="User" table="`user`">
		<meta attribute="eclassName" inherit="false">User</meta>
		<meta attribute="epackage" inherit="false">http://general/1.0</meta>
		<id name="userId" type="java.lang.String">
			<column not-null="true" unique="false" name="`userid`" length="36"/>
			<generator class="uuid2"/>
		</id>
		<discriminator type="string">
			<column name="`dtype`" index="userdtype" length="255" not-null="true"/>
		</discriminator>
		<version name="e_version" column="e_version" access="org.eclipse.emf.teneo.hibernate.mapping.property.VersionPropertyHandler">
			<meta attribute="syntheticVersion" inherit="false">true</meta>
		</version>
		<property name="username" lazy="false" insert="true" update="true" not-null="true" unique="false" type="java.lang.String">
			<column not-null="true" unique="false" name="`username`"/>
		</property>
		<property name="password" lazy="false" insert="true" update="true" not-null="false" unique="false" type="java.lang.String">
			<column not-null="false" unique="false" name="`password`"/>
		</property>
		<property name="email" lazy="false" insert="true" update="true" not-null="false" unique="false" type="java.lang.String">
			<column not-null="false" unique="false" name="`email`"/>
		</property>
		<property name="lastUsed" lazy="false" insert="true" update="true" not-null="true" unique="false" type="timestamp">
			<column not-null="true" unique="false" name="`lastused`"/>
		</property>
		<property name="timesUsed" lazy="false" insert="true" update="true" not-null="false" unique="false" type="int">
			<column not-null="false" unique="false" name="`timesused`"/>
		</property>
		<property name="deleted" lazy="false" insert="true" update="true" not-null="false" unique="false" type="boolean">
			<column not-null="false" unique="false" name="`deleted`"/>
		</property>
	</class>
	<class name="general.impl.EventImpl" entity-name="Event" abstract="false" lazy="false" discriminator-value="Event" table="`event`">
		<meta attribute="eclassName" inherit="false">Event</meta>
		<meta attribute="epackage" inherit="false">http://general/1.0</meta>
		<id name="eventId" type="java.lang.String">
			<column not-null="true" unique="false" name="`eventid`"/>
			<generator class="uuid2"/>
		</id>
		<discriminator type="string">
			<column name="`dtype`" index="eventdtype" length="255" not-null="true"/>
		</discriminator>
		<version name="e_version" column="e_version" access="org.eclipse.emf.teneo.hibernate.mapping.property.VersionPropertyHandler">
			<meta attribute="syntheticVersion" inherit="false">true</meta>
		</version>
		<property name="message" lazy="false" insert="true" update="true" not-null="false" unique="false" type="java.lang.String">
			<column not-null="false" unique="false" name="`message`" length="65535"/>
		</property>
		<property name="date" lazy="false" insert="true" update="true" not-null="true" unique="false" type="timestamp">
			<column not-null="true" unique="false" name="`date`"/>
		</property>
		<property name="userRelevant" lazy="false" insert="true" update="true" not-null="false" unique="false" type="boolean">
			<column not-null="false" unique="false" name="`userrelevant`"/>
		</property>
		<many-to-one name="user" entity-name="User" lazy="false" cascade="all" foreign-key="event_user" insert="true" update="true" not-null="false">
			<column not-null="false" unique="false" name="`user_user_userid`"/>
		</many-to-one>
		<property name="type" lazy="false" insert="true" update="true" not-null="false" unique="false" type="java.lang.String">
			<column not-null="false" unique="false" name="`type`"/>
		</property>
		<property name="source" lazy="false" insert="true" update="true" not-null="false" unique="false" type="java.lang.String">
			<column not-null="false" unique="false" name="`source`"/>
		</property>
	</class>
	<class name="general.impl.DataSourceImpl" entity-name="DataSource" abstract="false" lazy="false" discriminator-value="DataSource" table="`datasource`">
		<meta attribute="eclassName" inherit="false">DataSource</meta>
		<meta attribute="epackage" inherit="false">http://general/1.0</meta>
		<id name="dataSourceId" type="java.lang.String">
			<column not-null="true" unique="false" name="`datasourceid`"/>
			<generator class="uuid2"/>
		</id>
		<discriminator type="string">
			<column name="`dtype`" index="datasourcedtype" length="255" not-null="true"/>
		</discriminator>
		<version name="e_version" column="e_version" access="org.eclipse.emf.teneo.hibernate.mapping.property.VersionPropertyHandler">
			<meta attribute="syntheticVersion" inherit="false">true</meta>
		</version>
		<property name="name" lazy="false" insert="true" update="true" not-null="false" unique="false" type="java.lang.String">
			<column not-null="false" unique="false" name="`name`"/>
		</property>
		<property name="created" lazy="false" insert="true" update="true" not-null="true" unique="false" type="timestamp">
			<column not-null="true" unique="false" name="`created`"/>
		</property>
		<property name="modified" lazy="false" insert="true" update="true" not-null="true" unique="false" type="timestamp">
			<column not-null="true" unique="false" name="`modified`"/>
		</property>
		<property name="addInfo1" lazy="false" insert="true" update="true" not-null="false" unique="false" type="java.lang.String">
			<column not-null="false" unique="false" name="`addinfo1`"/>
		</property>
		<property name="addInfo2" lazy="false" insert="true" update="true" not-null="false" unique="false" type="java.lang.String">
			<column not-null="false" unique="false" name="`addinfo2`"/>
		</property>
		<property name="addInfo3" lazy="false" insert="true" update="true" not-null="false" unique="false" type="java.lang.String">
			<column not-null="false" unique="false" name="`addinfo3`"/>
		</property>
		<list name="setting" table="`datasource_setting`" lazy="true" cascade="persist,merge,refresh,save-update,lock">
			<key update="true">
				<column name="`datasource_datasourceid`" unique="false"/>
			</key>
			<list-index column="`datasource_setting_idx`"/>
			<many-to-many entity-name="Connection" unique="true">
				<column name="`connection_connectionid`" unique="false"/>
			</many-to-many>
		</list>
	</class>
	<class name="general.impl.ConnectionImpl" entity-name="Connection" abstract="false" lazy="false" discriminator-value="Connection" table="`connection`">
		<meta attribute="eclassName" inherit="false">Connection</meta>
		<meta attribute="epackage" inherit="false">http://general/1.0</meta>
		<id name="connectionId" type="java.lang.String">
			<column not-null="true" unique="false" name="`connectionid`"/>
			<generator class="uuid2"/>
		</id>
		<discriminator type="string">
			<column name="`dtype`" index="connectiondtype" length="255" not-null="true"/>
		</discriminator>
		<version name="e_version" column="e_version" access="org.eclipse.emf.teneo.hibernate.mapping.property.VersionPropertyHandler">
			<meta attribute="syntheticVersion" inherit="false">true</meta>
		</version>
		<property name="username" lazy="false" insert="true" update="true" not-null="false" unique="false" type="java.lang.String">
			<column not-null="false" unique="false" name="`username`"/>
		</property>
		<property name="password" lazy="false" insert="true" update="true" not-null="false" unique="false" type="java.lang.String">
			<column not-null="false" unique="false" name="`password`"/>
		</property>
		<property name="connectionType" lazy="false" not-null="true" insert="true" update="true" unique="false">
			<column not-null="true" unique="false" name="`connectiontype`"/>
			<type name="org.eclipse.emf.teneo.hibernate.mapping.ENumUserType">
				<param name="enumClass">general.ConnectionType</param>
				<param name="eclassifier">ConnectionType</param>
				<param name="epackage">http://general/1.0</param>
			</type>
		</property>
		<property name="database" lazy="false" insert="true" update="true" not-null="true" unique="false" type="java.lang.String">
			<column not-null="true" unique="false" name="`database`"/>
		</property>
		<property name="project" lazy="false" insert="true" update="true" not-null="false" unique="false" type="java.lang.String">
			<column not-null="false" unique="false" name="`project`"/>
		</property>
		<property name="release" lazy="false" insert="true" update="true" not-null="false" unique="false" type="java.lang.String">
			<column not-null="false" unique="false" name="`release`"/>
		</property>
		<property name="addInfo1" lazy="false" insert="true" update="true" not-null="false" unique="false" type="java.lang.String">
			<column not-null="false" unique="false" name="`addinfo1`"/>
		</property>
		<property name="addInfo2" lazy="false" insert="true" update="true" not-null="false" unique="false" type="java.lang.String">
			<column not-null="false" unique="false" name="`addinfo2`"/>
		</property>
		<property name="addInfo3" lazy="false" insert="true" update="true" not-null="false" unique="false" type="java.lang.String">
			<column not-null="false" unique="false" name="`addinfo3`"/>
		</property>
		<property name="addInfo4" lazy="false" insert="true" update="true" not-null="false" unique="false" type="java.lang.String">
			<column not-null="false" unique="false" name="`addinfo4`"/>
		</property>
		<many-to-one name="source" entity-name="DataSource" lazy="false" foreign-key="connection_source" insert="true" update="true" not-null="false"/>
		<property name="created" lazy="false" insert="true" update="true" not-null="true" unique="false" type="timestamp">
			<column not-null="true" unique="false" name="`created`"/>
		</property>
		<property name="modified" lazy="false" insert="true" update="true" not-null="false" unique="false" type="timestamp">
			<column not-null="false" unique="false" name="`modified`"/>
		</property>
		<property name="lastUsed" lazy="false" insert="true" update="true" not-null="false" unique="false" type="timestamp">
			<column not-null="false" unique="false" name="`lastused`"/>
		</property>
		<many-to-one name="partOf" entity-name="Container" lazy="false" cascade="save-update,delete" foreign-key="connection_partof" insert="true" update="true" not-null="true">
			<column not-null="true" unique="false" name="`container_partof_containerid`"/>
		</many-to-one>
		<property name="deleted" lazy="false" insert="true" update="true" not-null="false" unique="false" type="boolean">
			<column not-null="false" unique="false" name="`deleted`"/>
		</property>
	</class>
	<class name="general.impl.ContainerImpl" entity-name="Container" abstract="false" lazy="false" discriminator-value="Container" table="`container`">
		<meta attribute="eclassName" inherit="false">Container</meta>
		<meta attribute="epackage" inherit="false">http://general/1.0</meta>
		<id name="containerId" type="java.lang.String">
			<column not-null="true" unique="false" name="`containerid`"/>
			<generator class="uuid2"/>
		</id>
		<discriminator type="string">
			<column name="`dtype`" index="containerdtype" length="255" not-null="true"/>
		</discriminator>
		<version name="e_version" column="e_version" access="org.eclipse.emf.teneo.hibernate.mapping.property.VersionPropertyHandler">
			<meta attribute="syntheticVersion" inherit="false">true</meta>
		</version>
		<property name="name" lazy="false" insert="true" update="true" not-null="true" unique="false" type="java.lang.String">
			<column not-null="true" unique="false" name="`name`"/>
		</property>
		<property name="created" lazy="false" insert="true" update="true" not-null="true" unique="false" type="timestamp">
			<column not-null="true" unique="false" name="`created`"/>
		</property>
		<property name="modified" lazy="false" insert="true" update="true" not-null="false" unique="false" type="timestamp">
			<column not-null="false" unique="false" name="`modified`"/>
		</property>
		<property name="addInfo1" lazy="false" insert="true" update="true" not-null="false" unique="false" type="java.lang.String">
			<column not-null="false" unique="false" name="`addinfo1`"/>
		</property>
		<property name="addInfo2" lazy="false" insert="true" update="true" not-null="false" unique="false" type="java.lang.String">
			<column not-null="false" unique="false" name="`addinfo2`"/>
		</property>
		<property name="addInfo3" lazy="false" insert="true" update="true" not-null="false" unique="false" type="java.lang.String">
			<column not-null="false" unique="false" name="`addinfo3`"/>
		</property>
		<many-to-one name="owner" entity-name="User" lazy="false" cascade="save-update,delete" foreign-key="container_owner" insert="true" update="true" not-null="false">
			<column not-null="false" unique="false" name="`user_owner_userid`"/>
		</many-to-one>
		<property name="deleted" lazy="false" insert="true" update="true" not-null="false" unique="false" type="boolean">
			<column not-null="false" unique="false" name="`deleted`"/>
		</property>
		<property name="ownerId" lazy="false" insert="true" update="true" not-null="false" unique="false" type="java.lang.String">
			<column not-null="false" unique="false" name="`ownerid`"/>
		</property>
	</class>
	<class name="general.impl.SnapshotImpl" entity-name="Snapshot" abstract="false" lazy="false" discriminator-value="Snapshot" table="`snapshot`">
		<meta attribute="eclassName" inherit="false">Snapshot</meta>
		<meta attribute="epackage" inherit="false">http://general/1.0</meta>
		<id name="snapshotId" type="java.lang.String">
			<column not-null="true" unique="false" name="`snapshotid`"/>
			<generator class="uuid2"/>
		</id>
		<discriminator type="string">
			<column name="`dtype`" index="snapshotdtype" length="255" not-null="true"/>
		</discriminator>
		<version name="e_version" column="e_version" access="org.eclipse.emf.teneo.hibernate.mapping.property.VersionPropertyHandler">
			<meta attribute="syntheticVersion" inherit="false">true</meta>
		</version>
		<property name="created" lazy="false" insert="true" update="true" not-null="false" unique="false" type="timestamp">
			<column not-null="false" unique="false" name="`created`"/>
		</property>
		<property name="name" lazy="false" insert="true" update="true" not-null="false" unique="false" type="java.lang.String">
			<column not-null="false" unique="false" name="`name`"/>
		</property>
		<property name="comment" lazy="false" insert="true" update="true" not-null="false" unique="false" type="java.lang.String">
			<column not-null="false" unique="false" name="`comment`"/>
		</property>
		<property name="deleted" lazy="false" insert="true" update="true" not-null="false" unique="false" type="boolean">
			<column not-null="false" unique="false" name="`deleted`"/>
		</property>
		<many-to-one name="via" entity-name="Connection" lazy="false" foreign-key="snapshot_via" insert="true" update="true" not-null="false">
			<column not-null="false" unique="false" name="`connection_via_connectionid`"/>
		</many-to-one>
	</class>
	<class name="general.impl.ContentObjectImpl" entity-name="ContentObject" abstract="false" lazy="false" discriminator-value="ContentObject" table="`contentobject`">
		<meta attribute="eclassName" inherit="false">ContentObject</meta>
		<meta attribute="epackage" inherit="false">http://general/1.0</meta>
		<id name="objectId" type="java.lang.String">
			<column not-null="true" unique="false" name="`objectid`"/>
			<generator class="uuid2"/>
		</id>
		<discriminator type="string">
			<column name="`dtype`" index="contentobjectdtype" length="255" not-null="true"/>
		</discriminator>
		<version name="e_version" column="e_version" access="org.eclipse.emf.teneo.hibernate.mapping.property.VersionPropertyHandler">
			<meta attribute="syntheticVersion" inherit="false">true</meta>
		</version>
		<property name="name" lazy="false" insert="true" update="true" not-null="true" unique="false" type="java.lang.String">
			<column not-null="true" unique="false" name="`name`"/>
		</property>
		<property name="level" lazy="false" insert="true" update="true" not-null="false" unique="false" type="int">
			<column not-null="false" unique="false" name="`level`"/>
		</property>
		<property name="version" lazy="false" insert="true" update="true" not-null="false" unique="false" type="java.lang.String">
			<column not-null="false" unique="false" name="`version`"/>
		</property>
		<property name="release" lazy="false" insert="true" update="true" not-null="false" unique="false" type="java.lang.String">
			<column not-null="false" unique="false" name="`release`"/>
		</property>
		<property name="modfiedDate" lazy="false" insert="true" update="true" not-null="false" unique="false" type="timestamp">
			<column not-null="false" unique="false" name="`modfieddate`"/>
		</property>
		<many-to-one name="partOf" entity-name="Snapshot" lazy="false" foreign-key="contentobject_partof" insert="true" update="true" not-null="true">
			<column not-null="true" unique="false" name="`snapshot_partof_snapshotid`"/>
		</many-to-one>
		<property name="fullName" lazy="false" insert="true" update="true" not-null="false" unique="false" type="java.lang.String">
			<column not-null="false" unique="false" name="`fullname`"/>
		</property>
		<list name="function" table="`contentobject_function`" lazy="true" cascade="persist,merge,refresh,save-update,lock">
			<key update="true">
				<column name="`contentobject_objectid`" unique="false"/>
			</key>
			<list-index column="`contentobject_function_idx`"/>
			<many-to-many entity-name="Function" unique="false" foreign-key="contentobject_function">
				<column name="`function_functionid`" unique="false"/>
			</many-to-many>
		</list>
	</class>
	<subclass name="general.impl.FileImpl" entity-name="File" abstract="false" lazy="false" extends="ContentObject" discriminator-value="File">
		<meta attribute="eclassName" inherit="false">File</meta>
		<meta attribute="epackage" inherit="false">http://general/1.0</meta>
		<property name="objectName" lazy="false" insert="true" update="true" not-null="false" unique="false" type="java.lang.String">
			<column not-null="false" unique="false" name="`objectname`"/>
		</property>
		<property name="creationDate" lazy="false" insert="true" update="true" not-null="false" unique="false" type="timestamp">
			<column not-null="false" unique="false" name="`creationdate`"/>
		</property>
		<property name="status" lazy="false" insert="true" update="true" not-null="false" unique="false" type="java.lang.String">
			<column not-null="false" unique="false" name="`status`"/>
		</property>
		<many-to-one name="rootDir" entity-name="Folder" lazy="false" cascade="save-update,delete" foreign-key="file_rootdir" insert="true" update="true" not-null="false">
			<column not-null="false" unique="false" name="`folder_rootdir_objectid`"/>
		</many-to-one>
		<property name="suffix" lazy="false" insert="true" update="true" not-null="false" unique="false" type="java.lang.String">
			<column not-null="false" unique="false" name="`suffix`"/>
		</property>
	</subclass>
	<subclass name="general.impl.FolderImpl" entity-name="Folder" abstract="false" lazy="false" extends="ContentObject" discriminator-value="Folder">
		<meta attribute="eclassName" inherit="false">Folder</meta>
		<meta attribute="epackage" inherit="false">http://general/1.0</meta>
		<many-to-one name="rootDirectory" entity-name="Folder" lazy="false" cascade="save-update,delete" foreign-key="folder_rootdirectory" insert="true" update="true" not-null="false">
			<column not-null="false" unique="false" name="`folder_rootdirectory_objectid`"/>
		</many-to-one>
	</subclass>
	<class name="general.impl.FileTypeImpl" entity-name="FileType" abstract="false" lazy="false" discriminator-value="FileType" table="`filetype`">
		<meta attribute="eclassName" inherit="false">FileType</meta>
		<meta attribute="epackage" inherit="false">http://general/1.0</meta>
		<id name="fileTypeId" type="java.lang.String">
			<column not-null="true" unique="false" name="`filetypeid`"/>
			<generator class="uuid2"/>
		</id>
		<discriminator type="string">
			<column name="`dtype`" index="filetypedtype" length="255" not-null="true"/>
		</discriminator>
		<version name="e_version" column="e_version" access="org.eclipse.emf.teneo.hibernate.mapping.property.VersionPropertyHandler">
			<meta attribute="syntheticVersion" inherit="false">true</meta>
		</version>
		<property name="name" lazy="false" insert="true" update="true" not-null="true" unique="false" type="java.lang.String">
			<column not-null="true" unique="false" name="`name`"/>
		</property>
		<property name="description" lazy="false" insert="true" update="true" not-null="false" unique="false" type="java.lang.String">
			<column not-null="false" unique="false" name="`description`"/>
		</property>
		<property name="icon" lazy="false" insert="true" update="true" not-null="true" unique="false" type="general.Image">
			<column not-null="true" unique="false" name="`icon`"/>
		</property>
		<property name="suffix" lazy="false" insert="true" update="true" not-null="false" unique="false" type="java.lang.String">
			<column not-null="false" unique="false" name="`suffix`"/>
		</property>
	</class>
	<class name="general.impl.FunctionImpl" entity-name="Function" abstract="false" lazy="false" discriminator-value="Function" table="`function`">
		<meta attribute="eclassName" inherit="false">Function</meta>
		<meta attribute="epackage" inherit="false">http://general/1.0</meta>
		<id name="functionId" type="java.lang.String">
			<column not-null="true" unique="false" name="`functionid`"/>
			<generator class="uuid2"/>
		</id>
		<discriminator type="string">
			<column name="`dtype`" index="functiondtype" length="255" not-null="true"/>
		</discriminator>
		<version name="e_version" column="e_version" access="org.eclipse.emf.teneo.hibernate.mapping.property.VersionPropertyHandler">
			<meta attribute="syntheticVersion" inherit="false">true</meta>
		</version>
		<property name="name" lazy="false" insert="true" update="true" not-null="true" unique="false" type="java.lang.String">
			<column not-null="true" unique="false" name="`name`"/>
		</property>
		<property name="created" lazy="false" insert="true" update="true" not-null="true" unique="false" type="timestamp">
			<column not-null="true" unique="false" name="`created`"/>
		</property>
		<property name="overallStatus" lazy="false" insert="true" update="true" not-null="false" unique="false" type="java.lang.String">
			<column not-null="false" unique="false" name="`overallstatus`"/>
		</property>
		<property name="modified" lazy="false" insert="true" update="true" not-null="false" unique="false" type="timestamp">
			<column not-null="false" unique="false" name="`modified`"/>
		</property>
		<property name="deleted" lazy="false" insert="true" update="true" not-null="false" unique="false" type="boolean">
			<column not-null="false" unique="false" name="`deleted`"/>
		</property>
		<many-to-one name="snapshot" entity-name="Snapshot" lazy="false" foreign-key="function_snapshot" insert="true" update="true" not-null="false">
			<column not-null="false" unique="false" name="`snapshot_snapshot_snapshotid`"/>
		</many-to-one>
	</class>
	<class name="general.impl.FileFunctionStatusImpl" entity-name="FileFunctionStatus" abstract="false" lazy="false" discriminator-value="FileFunctionStatus" table="`filefunctionstatus`">
		<meta attribute="eclassName" inherit="false">FileFunctionStatus</meta>
		<meta attribute="epackage" inherit="false">http://general/1.0</meta>
		<id name="fileFunctionStatusId" type="java.lang.String">
			<column not-null="true" unique="false" name="`filefunctionstatusid`"/>
			<generator class="uuid2"/>
		</id>
		<discriminator type="string">
			<column name="`dtype`" index="filefunctionstatusdtype" length="255" not-null="true"/>
		</discriminator>
		<version name="e_version" column="e_version" access="org.eclipse.emf.teneo.hibernate.mapping.property.VersionPropertyHandler">
			<meta attribute="syntheticVersion" inherit="false">true</meta>
		</version>
		<property name="required" lazy="false" insert="true" update="true" not-null="false" unique="false" type="boolean">
			<column not-null="false" unique="false" name="`required`"/>
		</property>
		<property name="upToDate" lazy="false" not-null="false" insert="true" update="true" unique="false">
			<column not-null="false" unique="false" name="`uptodate`"/>
			<type name="org.eclipse.emf.teneo.hibernate.mapping.ENumUserType">
				<param name="enumClass">general.QualityCriteria</param>
				<param name="eclassifier">QualityCriteria</param>
				<param name="epackage">http://general/1.0</param>
			</type>
		</property>
		<property name="reviewed" lazy="false" not-null="false" insert="true" update="true" unique="false">
			<column not-null="false" unique="false" name="`reviewed`"/>
			<type name="org.eclipse.emf.teneo.hibernate.mapping.ENumUserType">
				<param name="enumClass">general.QualityCriteria</param>
				<param name="eclassifier">QualityCriteria</param>
				<param name="epackage">http://general/1.0</param>
			</type>
		</property>
		<property name="configurationManagement" lazy="false" not-null="false" insert="true" update="true" unique="false">
			<column not-null="false" unique="false" name="`configurationmanagement`"/>
			<type name="org.eclipse.emf.teneo.hibernate.mapping.ENumUserType">
				<param name="enumClass">general.QualityCriteria</param>
				<param name="eclassifier">QualityCriteria</param>
				<param name="epackage">http://general/1.0</param>
			</type>
		</property>
		<property name="rating" lazy="false" not-null="false" insert="true" update="true" unique="false">
			<column not-null="false" unique="false" name="`rating`"/>
			<type name="org.eclipse.emf.teneo.hibernate.mapping.ENumUserType">
				<param name="enumClass">general.QualityCriteria</param>
				<param name="eclassifier">QualityCriteria</param>
				<param name="epackage">http://general/1.0</param>
			</type>
		</property>
		<property name="comment" lazy="false" insert="true" update="true" not-null="false" unique="false" type="java.lang.String">
			<column not-null="false" unique="false" name="`comment`"/>
		</property>
		<many-to-one name="ofFile" entity-name="ContentObject" lazy="false" foreign-key="filefunctionstatus_offile" insert="true" update="true" not-null="false">
			<column not-null="false" unique="false" name="`contentobject_offile_objectid`"/>
		</many-to-one>
		<many-to-one name="ofFunction" entity-name="Function" lazy="false" foreign-key="filefunctionstatus_offunction" insert="true" update="true" not-null="false">
			<column not-null="false" unique="false" name="`function_offunction_functionid`"/>
		</many-to-one>
		<property name="setOn" lazy="false" insert="true" update="true" not-null="false" unique="false" type="timestamp">
			<column not-null="false" unique="false" name="`seton`"/>
		</property>
		<property name="type" lazy="false" not-null="false" insert="true" update="true" unique="false">
			<column not-null="false" unique="false" name="`type`"/>
			<type name="org.eclipse.emf.teneo.hibernate.mapping.ENumUserType">
				<param name="enumClass">general.documentType</param>
				<param name="eclassifier">documentType</param>
				<param name="epackage">http://general/1.0</param>
			</type>
		</property>
	</class>
	<class name="general.impl.UserListImpl" entity-name="UserList" abstract="false" lazy="false" discriminator-value="UserList" table="`userlist`">
		<meta attribute="eclassName" inherit="false">UserList</meta>
		<meta attribute="epackage" inherit="false">http://general/1.0</meta>
		<id type="long" name="e_id" column="e_id" access="org.eclipse.emf.teneo.hibernate.mapping.identifier.IdentifierPropertyHandler">
			<meta attribute="syntheticId" inherit="false">true</meta>
			<generator class="native"/>
		</id>
		<discriminator type="string">
			<column name="`dtype`" index="userlistdtype" length="255" not-null="true"/>
		</discriminator>
		<version name="e_version" column="e_version" access="org.eclipse.emf.teneo.hibernate.mapping.property.VersionPropertyHandler">
			<meta attribute="syntheticVersion" inherit="false">true</meta>
		</version>
	</class>
	<class name="general.impl.TaskImpl" entity-name="Task" abstract="false" lazy="false" discriminator-value="Task" table="`task`">
		<meta attribute="eclassName" inherit="false">Task</meta>
		<meta attribute="epackage" inherit="false">http://general/1.0</meta>
		<id name="taskId" type="java.lang.String">
			<column not-null="true" unique="false" name="`taskid`" length="36"/>
			<generator class="uuid2"/>
		</id>
		<discriminator type="string">
			<column name="`dtype`" index="taskdtype" length="255" not-null="true"/>
		</discriminator>
		<version name="e_version" column="e_version" access="org.eclipse.emf.teneo.hibernate.mapping.property.VersionPropertyHandler">
			<meta attribute="syntheticVersion" inherit="false">true</meta>
		</version>
		<property name="finished" lazy="false" insert="true" update="true" not-null="false" unique="false" type="boolean">
			<column not-null="false" unique="false" name="`finished`"/>
		</property>
		<property name="description" lazy="false" insert="true" update="true" not-null="false" unique="false" type="java.lang.String">
			<column not-null="false" unique="false" name="`description`"/>
		</property>
		<property name="created" lazy="false" insert="true" update="true" not-null="false" unique="false" type="timestamp">
			<column not-null="false" unique="false" name="`created`"/>
		</property>
		<many-to-one name="owner" entity-name="User" lazy="false" cascade="all" foreign-key="task_owner" insert="true" update="true" not-null="false">
			<column not-null="false" unique="false" name="`user_owner_userid`"/>
		</many-to-one>
	</class>
	<class name="general.impl.SessionSatusImpl" entity-name="SessionSatus" abstract="false" lazy="false" discriminator-value="SessionSatus" table="`sessionsatus`">
		<meta attribute="eclassName" inherit="false">SessionSatus</meta>
		<meta attribute="epackage" inherit="false">http://general/1.0</meta>
		<id type="long" name="e_id" column="e_id" access="org.eclipse.emf.teneo.hibernate.mapping.identifier.IdentifierPropertyHandler">
			<meta attribute="syntheticId" inherit="false">true</meta>
			<generator class="native"/>
		</id>
		<discriminator type="string">
			<column name="`dtype`" index="sessionsatusdtype" length="255" not-null="true"/>
		</discriminator>
		<version name="e_version" column="e_version" access="org.eclipse.emf.teneo.hibernate.mapping.property.VersionPropertyHandler">
			<meta attribute="syntheticVersion" inherit="false">true</meta>
		</version>
		<property name="mksStatus" lazy="false" insert="true" update="true" not-null="false" unique="false" type="boolean">
			<column not-null="false" unique="false" name="`mksstatus`"/>
		</property>
		<property name="dbStatus" lazy="false" insert="true" update="true" not-null="false" unique="false" type="boolean">
			<column not-null="false" unique="false" name="`dbstatus`"/>
		</property>
		<property name="synergySession" lazy="false" insert="true" update="true" not-null="false" unique="false" type="java.lang.String">
			<column not-null="false" unique="false" name="`synergysession`"/>
		</property>
	</class>
	<class name="general.impl.CheckInMilestoneImpl" entity-name="CheckInMilestone" abstract="false" lazy="false" discriminator-value="CheckInMilestone" table="`checkinmilestone`">
		<meta attribute="eclassName" inherit="false">CheckInMilestone</meta>
		<meta attribute="epackage" inherit="false">http://general/1.0</meta>
		<id name="checkInMilestoneId" type="java.lang.String">
			<column not-null="true" unique="false" name="`checkinmilestoneid`"/>
			<generator class="uuid2"/>
		</id>
		<discriminator type="string">
			<column name="`dtype`" index="checkinmilestonedtype" length="255" not-null="true"/>
		</discriminator>
		<version name="e_version" column="e_version" access="org.eclipse.emf.teneo.hibernate.mapping.property.VersionPropertyHandler">
			<meta attribute="syntheticVersion" inherit="false">true</meta>
		</version>
		<many-to-one name="container" entity-name="Container" lazy="false" foreign-key="checkinmilestone_container" insert="true" update="true" not-null="false">
			<column not-null="false" unique="false" name="`container_container_containerid`"/>
		</many-to-one>
		<list name="fileStatus" table="`checkinmilestone_filestatus`" lazy="true" cascade="persist,merge,refresh,save-update,lock">
			<key update="true">
				<column name="`checkinmilestone_checkinmilestoneid`" unique="false"/>
			</key>
			<list-index column="`checkinmilestone_filestatus_idx`"/>
			<many-to-many entity-name="FileFunctionStatus" unique="true" foreign-key="checkinmilestone_filestatus">
				<column name="`filefunctionstatus_filefunctionstatusid`" unique="false"/>
			</many-to-many>
		</list>
		<property name="milestone" lazy="false" not-null="false" insert="true" update="true" unique="false">
			<column not-null="false" unique="false" name="`milestone`"/>
			<type name="org.eclipse.emf.teneo.hibernate.mapping.ENumUserType">
				<param name="enumClass">general.Milestone</param>
				<param name="eclassifier">Milestone</param>
				<param name="epackage">http://general/1.0</param>
			</type>
		</property>
	</class>
</hibernate-mapping>