<?xml version='1.0' encoding='utf-8'?>
<!DOCTYPE hibernate-configuration PUBLIC
  "-//Hibernate/Hibernate Configuration DTD 3.0//EN"
  "http://hibernate.sourceforge.net/hibernate-configuration-3.0.dtd">
<hibernate-configuration>
  <session-factory>
    <property name="hibernate.connection.driver_class">
      org.hsqldb.jdbcDriver
    </property>
    <property name="hibernate.connection.url">
      "jdbc:hsqldb:hsql://localhost/amenity"
    </property>
    <property name="hibernate.connection.username">sa</property>
    <property name="hibernate.connection.password"></property>
    <property name="dialect">org.hibernate.dialect.HSQLDialect</property>
    <property name="show_sql">false</property>
    <property name="transaction.factory_class">
      org.hibernate.transaction.JDBCTransactionFactory
    </property>
    <property name="hibernate.cache.provider_class">
      org.hibernate.cache.HashtableCacheProvider
    </property>
  </session-factory>
</hibernate-configuration>